exp,run,mean_last20,mean_all,max,std,loss_mean,rewards
3x128,1,211.05,102.6625,373.0,81.86646806690759,0.03636674783299058,"[32.0, 22.0, 15.0, 16.0, 14.0, 10.0, 15.0, 18.0, 13.0, 22.0, 19.0, 22.0, 18.0, 14.0, 16.0, 16.0, 19.0, 34.0, 12.0, 20.0, 15.0, 29.0, 12.0, 12.0, 12.0, 17.0, 11.0, 13.0, 15.0, 15.0, 26.0, 16.0, 14.0, 13.0, 12.0, 20.0, 40.0, 58.0, 18.0, 31.0, 39.0, 14.0, 41.0, 16.0, 18.0, 14.0, 26.0, 12.0, 13.0, 11.0, 41.0, 10.0, 14.0, 15.0, 20.0, 12.0, 29.0, 13.0, 12.0, 30.0, 9.0, 18.0, 16.0, 13.0, 28.0, 19.0, 31.0, 38.0, 28.0, 22.0, 19.0, 40.0, 19.0, 14.0, 16.0, 21.0, 29.0, 37.0, 12.0, 20.0, 15.0, 16.0, 25.0, 12.0, 15.0, 9.0, 11.0, 10.0, 10.0, 26.0, 19.0, 52.0, 12.0, 12.0, 23.0, 13.0, 33.0, 31.0, 24.0, 10.0, 13.0, 17.0, 13.0, 25.0, 12.0, 22.0, 13.0, 9.0, 9.0, 18.0, 71.0, 52.0, 51.0, 45.0, 24.0, 29.0, 23.0, 24.0, 14.0, 10.0, 9.0, 49.0, 10.0, 11.0, 21.0, 11.0, 66.0, 68.0, 26.0, 37.0, 16.0, 50.0, 85.0, 51.0, 53.0, 39.0, 35.0, 18.0, 39.0, 126.0, 35.0, 15.0, 70.0, 76.0, 41.0, 33.0, 37.0, 42.0, 26.0, 36.0, 33.0, 33.0, 118.0, 9.0, 142.0, 15.0, 136.0, 17.0, 14.0, 42.0, 74.0, 14.0, 166.0, 76.0, 30.0, 70.0, 26.0, 40.0, 53.0, 52.0, 99.0, 53.0, 56.0, 99.0, 65.0, 36.0, 34.0, 11.0, 48.0, 158.0, 109.0, 71.0, 10.0, 13.0, 72.0, 11.0, 17.0, 32.0, 37.0, 57.0, 65.0, 22.0, 37.0, 22.0, 61.0, 25.0, 34.0, 69.0, 33.0, 83.0, 66.0, 102.0, 85.0, 152.0, 116.0, 188.0, 26.0, 67.0, 43.0, 140.0, 152.0, 184.0, 193.0, 179.0, 27.0, 136.0, 61.0, 105.0, 242.0, 179.0, 70.0, 14.0, 163.0, 165.0, 132.0, 176.0, 177.0, 373.0, 164.0, 219.0, 186.0, 209.0, 60.0, 35.0, 202.0, 75.0, 183.0, 33.0, 209.0, 38.0, 166.0, 243.0, 189.0, 166.0, 160.0, 195.0, 164.0, 237.0, 175.0, 205.0, 161.0, 184.0, 67.0, 166.0, 177.0, 177.0, 178.0, 44.0, 125.0, 24.0, 160.0, 40.0, 168.0, 160.0, 176.0, 161.0, 180.0, 171.0, 165.0, 177.0, 178.0, 171.0, 197.0, 189.0, 165.0, 276.0, 152.0, 183.0, 161.0, 217.0, 182.0, 204.0, 178.0, 216.0, 177.0, 166.0, 191.0, 189.0, 27.0, 193.0, 204.0, 179.0, 162.0, 162.0, 50.0, 179.0, 53.0, 185.0, 165.0, 164.0, 176.0, 215.0, 183.0, 173.0, 183.0, 177.0, 176.0, 169.0, 179.0, 165.0, 178.0, 185.0, 209.0, 257.0, 179.0, 176.0, 169.0, 182.0, 183.0, 193.0, 160.0, 163.0, 176.0, 167.0, 166.0, 170.0, 181.0, 178.0, 177.0, 191.0, 178.0, 173.0, 164.0, 177.0, 224.0, 169.0, 198.0, 176.0, 178.0, 197.0, 178.0, 200.0, 192.0, 147.0, 182.0, 179.0, 186.0, 185.0, 177.0, 170.0, 193.0, 189.0, 202.0, 187.0, 187.0, 192.0, 190.0, 213.0, 206.0, 245.0, 192.0, 194.0, 189.0, 196.0, 201.0, 233.0, 206.0, 185.0, 212.0, 193.0, 214.0, 198.0, 260.0, 192.0, 265.0, 212.0, 195.0, 202.0, 211.0, 205.0, 189.0, 201.0, 214.0, 200.0, 208.0, 208.0, 205.0, 216.0, 231.0, 210.0, 233.0, 208.0, 201.0, 212.0, 242.0, 221.0, 218.0, 212.0, 205.0, 187.0]"
3x128,2,177.85,135.5125,500.0,115.2929956404551,0.07618838272194027,"[22.0, 53.0, 13.0, 10.0, 14.0, 14.0, 18.0, 12.0, 18.0, 43.0, 20.0, 17.0, 16.0, 30.0, 20.0, 15.0, 14.0, 12.0, 10.0, 21.0, 17.0, 22.0, 17.0, 17.0, 28.0, 37.0, 12.0, 14.0, 31.0, 13.0, 14.0, 13.0, 11.0, 20.0, 16.0, 27.0, 52.0, 11.0, 17.0, 11.0, 10.0, 17.0, 10.0, 12.0, 22.0, 10.0, 19.0, 13.0, 9.0, 9.0, 17.0, 15.0, 14.0, 17.0, 15.0, 9.0, 18.0, 24.0, 12.0, 10.0, 29.0, 27.0, 24.0, 16.0, 74.0, 30.0, 23.0, 14.0, 35.0, 36.0, 26.0, 20.0, 17.0, 15.0, 16.0, 10.0, 13.0, 24.0, 23.0, 25.0, 162.0, 12.0, 12.0, 16.0, 20.0, 21.0, 19.0, 21.0, 16.0, 43.0, 44.0, 41.0, 33.0, 28.0, 11.0, 31.0, 18.0, 20.0, 33.0, 37.0, 14.0, 15.0, 19.0, 28.0, 14.0, 22.0, 70.0, 136.0, 34.0, 58.0, 59.0, 17.0, 59.0, 47.0, 36.0, 21.0, 80.0, 22.0, 26.0, 14.0, 18.0, 43.0, 17.0, 89.0, 31.0, 40.0, 69.0, 29.0, 59.0, 27.0, 17.0, 31.0, 36.0, 136.0, 81.0, 31.0, 51.0, 41.0, 46.0, 93.0, 53.0, 45.0, 78.0, 34.0, 27.0, 73.0, 66.0, 61.0, 18.0, 99.0, 27.0, 22.0, 44.0, 54.0, 38.0, 117.0, 26.0, 55.0, 17.0, 61.0, 97.0, 114.0, 88.0, 61.0, 341.0, 97.0, 102.0, 19.0, 109.0, 97.0, 75.0, 90.0, 119.0, 113.0, 15.0, 36.0, 88.0, 61.0, 176.0, 100.0, 95.0, 200.0, 105.0, 126.0, 89.0, 88.0, 95.0, 23.0, 21.0, 96.0, 131.0, 118.0, 134.0, 39.0, 42.0, 61.0, 63.0, 60.0, 57.0, 46.0, 144.0, 141.0, 160.0, 180.0, 176.0, 166.0, 163.0, 217.0, 238.0, 207.0, 180.0, 142.0, 227.0, 174.0, 99.0, 194.0, 222.0, 206.0, 179.0, 229.0, 204.0, 116.0, 158.0, 203.0, 181.0, 197.0, 31.0, 447.0, 68.0, 220.0, 230.0, 223.0, 256.0, 176.0, 34.0, 345.0, 217.0, 208.0, 253.0, 184.0, 203.0, 98.0, 91.0, 52.0, 172.0, 42.0, 167.0, 155.0, 261.0, 57.0, 229.0, 276.0, 220.0, 261.0, 220.0, 279.0, 310.0, 206.0, 236.0, 265.0, 250.0, 266.0, 401.0, 228.0, 263.0, 230.0, 491.0, 152.0, 221.0, 251.0, 215.0, 225.0, 76.0, 230.0, 45.0, 180.0, 257.0, 254.0, 252.0, 205.0, 134.0, 68.0, 188.0, 188.0, 225.0, 205.0, 183.0, 276.0, 260.0, 218.0, 253.0, 260.0, 89.0, 171.0, 244.0, 234.0, 248.0, 201.0, 208.0, 235.0, 263.0, 212.0, 200.0, 215.0, 293.0, 225.0, 217.0, 209.0, 212.0, 234.0, 252.0, 241.0, 227.0, 220.0, 271.0, 242.0, 232.0, 237.0, 270.0, 228.0, 230.0, 172.0, 223.0, 204.0, 231.0, 239.0, 125.0, 255.0, 182.0, 230.0, 210.0, 278.0, 238.0, 226.0, 116.0, 225.0, 229.0, 231.0, 250.0, 239.0, 234.0, 224.0, 257.0, 243.0, 246.0, 150.0, 236.0, 237.0, 239.0, 239.0, 305.0, 282.0, 311.0, 302.0, 251.0, 297.0, 293.0, 301.0, 278.0, 292.0, 289.0, 323.0, 284.0, 352.0, 355.0, 383.0, 401.0, 485.0, 373.0, 500.0, 500.0, 500.0, 500.0, 346.0, 282.0, 285.0, 390.0, 500.0, 233.0, 255.0, 258.0, 422.0, 289.0, 331.0, 273.0, 95.0, 155.0, 197.0, 86.0, 51.0, 141.0, 184.0, 157.0, 82.0, 107.0, 117.0, 131.0, 169.0, 150.0, 162.0]"
3x128,3,168.85,114.31,423.0,93.74406061185957,0.05041505374535116,"[19.0, 18.0, 40.0, 11.0, 37.0, 13.0, 17.0, 19.0, 15.0, 28.0, 16.0, 25.0, 28.0, 27.0, 10.0, 10.0, 16.0, 17.0, 22.0, 17.0, 12.0, 12.0, 14.0, 23.0, 19.0, 13.0, 10.0, 10.0, 20.0, 65.0, 12.0, 24.0, 15.0, 17.0, 90.0, 10.0, 20.0, 16.0, 24.0, 15.0, 21.0, 9.0, 79.0, 27.0, 34.0, 13.0, 25.0, 13.0, 22.0, 33.0, 10.0, 34.0, 16.0, 14.0, 22.0, 13.0, 15.0, 13.0, 17.0, 19.0, 21.0, 10.0, 13.0, 10.0, 9.0, 19.0, 10.0, 16.0, 10.0, 9.0, 9.0, 14.0, 10.0, 12.0, 12.0, 26.0, 10.0, 10.0, 12.0, 9.0, 10.0, 10.0, 15.0, 15.0, 14.0, 25.0, 11.0, 56.0, 14.0, 12.0, 16.0, 12.0, 12.0, 19.0, 16.0, 12.0, 17.0, 28.0, 11.0, 19.0, 45.0, 18.0, 78.0, 21.0, 14.0, 22.0, 79.0, 14.0, 19.0, 17.0, 25.0, 12.0, 30.0, 25.0, 23.0, 21.0, 34.0, 16.0, 32.0, 13.0, 13.0, 17.0, 13.0, 24.0, 11.0, 62.0, 29.0, 21.0, 12.0, 27.0, 93.0, 62.0, 36.0, 69.0, 66.0, 13.0, 29.0, 40.0, 62.0, 50.0, 35.0, 22.0, 53.0, 58.0, 32.0, 170.0, 135.0, 16.0, 96.0, 64.0, 35.0, 51.0, 36.0, 66.0, 14.0, 80.0, 59.0, 81.0, 66.0, 39.0, 89.0, 52.0, 115.0, 58.0, 46.0, 47.0, 25.0, 23.0, 42.0, 32.0, 196.0, 92.0, 296.0, 77.0, 192.0, 37.0, 75.0, 193.0, 59.0, 25.0, 158.0, 37.0, 103.0, 72.0, 89.0, 32.0, 38.0, 120.0, 108.0, 30.0, 16.0, 71.0, 239.0, 72.0, 69.0, 38.0, 63.0, 171.0, 13.0, 130.0, 105.0, 155.0, 137.0, 185.0, 251.0, 211.0, 198.0, 235.0, 160.0, 191.0, 110.0, 123.0, 211.0, 227.0, 49.0, 202.0, 176.0, 297.0, 366.0, 225.0, 253.0, 186.0, 184.0, 30.0, 174.0, 35.0, 196.0, 246.0, 48.0, 264.0, 50.0, 201.0, 217.0, 259.0, 292.0, 288.0, 216.0, 236.0, 329.0, 16.0, 237.0, 249.0, 285.0, 193.0, 120.0, 208.0, 271.0, 200.0, 245.0, 252.0, 293.0, 238.0, 386.0, 84.0, 210.0, 60.0, 168.0, 232.0, 183.0, 283.0, 244.0, 248.0, 137.0, 176.0, 264.0, 294.0, 263.0, 64.0, 41.0, 272.0, 204.0, 104.0, 274.0, 13.0, 215.0, 177.0, 26.0, 326.0, 71.0, 144.0, 68.0, 216.0, 245.0, 43.0, 423.0, 24.0, 227.0, 240.0, 175.0, 16.0, 261.0, 312.0, 191.0, 69.0, 278.0, 289.0, 310.0, 122.0, 130.0, 353.0, 209.0, 206.0, 219.0, 215.0, 245.0, 231.0, 140.0, 248.0, 201.0, 217.0, 191.0, 210.0, 219.0, 202.0, 200.0, 228.0, 180.0, 207.0, 213.0, 220.0, 195.0, 208.0, 198.0, 206.0, 201.0, 190.0, 165.0, 210.0, 186.0, 206.0, 193.0, 185.0, 177.0, 170.0, 185.0, 204.0, 191.0, 200.0, 186.0, 172.0, 175.0, 203.0, 181.0, 193.0, 197.0, 168.0, 186.0, 185.0, 187.0, 179.0, 177.0, 164.0, 163.0, 175.0, 169.0, 189.0, 174.0, 177.0, 160.0, 180.0, 156.0, 171.0, 170.0, 178.0, 174.0, 166.0, 179.0, 174.0, 161.0, 172.0, 187.0, 171.0, 180.0, 161.0, 176.0, 168.0, 173.0, 157.0, 178.0, 159.0, 171.0, 174.0, 167.0, 168.0, 165.0, 195.0, 165.0, 166.0, 169.0, 170.0, 170.0, 167.0, 159.0, 164.0, 167.0, 176.0, 180.0, 157.0, 162.0, 165.0]"
3x128,4,500.0,160.135,500.0,165.81574646275303,0.06081314290949837,"[33.0, 17.0, 9.0, 14.0, 29.0, 11.0, 12.0, 14.0, 21.0, 23.0, 34.0, 30.0, 14.0, 20.0, 16.0, 18.0, 10.0, 22.0, 25.0, 17.0, 13.0, 19.0, 15.0, 13.0, 41.0, 16.0, 22.0, 19.0, 23.0, 19.0, 17.0, 14.0, 12.0, 20.0, 45.0, 19.0, 16.0, 19.0, 14.0, 16.0, 19.0, 40.0, 20.0, 16.0, 23.0, 15.0, 15.0, 14.0, 14.0, 22.0, 24.0, 10.0, 10.0, 11.0, 25.0, 21.0, 25.0, 12.0, 19.0, 13.0, 14.0, 12.0, 26.0, 15.0, 25.0, 27.0, 10.0, 13.0, 19.0, 9.0, 11.0, 19.0, 12.0, 9.0, 20.0, 19.0, 16.0, 21.0, 16.0, 19.0, 13.0, 9.0, 9.0, 12.0, 12.0, 32.0, 25.0, 11.0, 12.0, 21.0, 16.0, 21.0, 12.0, 17.0, 24.0, 22.0, 9.0, 10.0, 15.0, 12.0, 15.0, 20.0, 11.0, 11.0, 21.0, 13.0, 13.0, 21.0, 14.0, 33.0, 11.0, 20.0, 22.0, 11.0, 12.0, 56.0, 23.0, 18.0, 12.0, 11.0, 79.0, 14.0, 17.0, 12.0, 15.0, 17.0, 17.0, 13.0, 23.0, 21.0, 18.0, 25.0, 14.0, 23.0, 13.0, 31.0, 18.0, 28.0, 54.0, 15.0, 28.0, 47.0, 20.0, 16.0, 31.0, 18.0, 16.0, 20.0, 14.0, 14.0, 18.0, 15.0, 37.0, 87.0, 60.0, 20.0, 25.0, 35.0, 42.0, 69.0, 39.0, 24.0, 78.0, 50.0, 94.0, 32.0, 23.0, 42.0, 118.0, 118.0, 45.0, 25.0, 47.0, 186.0, 38.0, 83.0, 82.0, 68.0, 160.0, 75.0, 81.0, 26.0, 56.0, 28.0, 38.0, 56.0, 286.0, 52.0, 34.0, 35.0, 117.0, 29.0, 81.0, 101.0, 14.0, 33.0, 45.0, 62.0, 125.0, 38.0, 64.0, 105.0, 162.0, 60.0, 58.0, 148.0, 331.0, 94.0, 27.0, 228.0, 77.0, 158.0, 167.0, 158.0, 59.0, 321.0, 70.0, 221.0, 171.0, 15.0, 117.0, 143.0, 186.0, 47.0, 88.0, 188.0, 54.0, 216.0, 192.0, 265.0, 160.0, 91.0, 136.0, 227.0, 208.0, 93.0, 202.0, 215.0, 223.0, 247.0, 245.0, 242.0, 44.0, 171.0, 210.0, 46.0, 78.0, 64.0, 210.0, 155.0, 231.0, 167.0, 260.0, 221.0, 246.0, 85.0, 244.0, 132.0, 259.0, 400.0, 245.0, 261.0, 224.0, 253.0, 235.0, 199.0, 241.0, 82.0, 228.0, 245.0, 224.0, 241.0, 247.0, 243.0, 232.0, 250.0, 281.0, 216.0, 238.0, 261.0, 257.0, 193.0, 127.0, 224.0, 64.0, 238.0, 207.0, 244.0, 248.0, 249.0, 254.0, 227.0, 227.0, 260.0, 246.0, 276.0, 240.0, 244.0, 257.0, 58.0, 291.0, 262.0, 270.0, 248.0, 271.0, 240.0, 247.0, 271.0, 232.0, 241.0, 255.0, 253.0, 286.0, 286.0, 286.0, 251.0, 266.0, 286.0, 260.0, 295.0, 301.0, 253.0, 321.0, 286.0, 309.0, 335.0, 163.0, 55.0, 323.0, 290.0, 347.0, 353.0, 332.0, 331.0, 339.0, 378.0, 336.0, 379.0, 307.0, 368.0, 405.0, 423.0, 403.0, 359.0, 410.0, 471.0, 413.0, 299.0, 411.0, 383.0, 440.0, 475.0, 448.0, 491.0, 500.0, 500.0, 483.0, 500.0, 500.0, 500.0, 500.0, 500.0, 500.0, 500.0, 500.0, 157.0, 77.0, 500.0, 500.0, 500.0, 500.0, 500.0, 500.0, 389.0, 500.0, 500.0, 500.0, 500.0, 500.0, 500.0, 500.0, 500.0, 500.0, 500.0, 500.0, 500.0, 500.0, 500.0, 500.0, 500.0, 500.0, 500.0, 500.0, 500.0, 500.0, 500.0, 500.0, 500.0, 500.0, 500.0]"
3x128,5,163.85,90.37,268.0,69.5768862482362,0.08168719702487405,"[12.0, 16.0, 28.0, 17.0, 37.0, 16.0, 18.0, 38.0, 37.0, 12.0, 11.0, 13.0, 12.0, 16.0, 23.0, 14.0, 30.0, 22.0, 17.0, 20.0, 11.0, 11.0, 14.0, 14.0, 20.0, 13.0, 23.0, 18.0, 13.0, 17.0, 19.0, 15.0, 19.0, 37.0, 33.0, 14.0, 13.0, 12.0, 16.0, 32.0, 12.0, 13.0, 12.0, 14.0, 42.0, 12.0, 13.0, 9.0, 20.0, 12.0, 34.0, 24.0, 20.0, 23.0, 13.0, 37.0, 26.0, 11.0, 17.0, 11.0, 33.0, 24.0, 17.0, 39.0, 30.0, 14.0, 10.0, 20.0, 12.0, 25.0, 9.0, 24.0, 39.0, 9.0, 44.0, 19.0, 16.0, 12.0, 10.0, 16.0, 19.0, 37.0, 23.0, 31.0, 13.0, 13.0, 12.0, 23.0, 36.0, 13.0, 23.0, 26.0, 13.0, 15.0, 13.0, 13.0, 9.0, 13.0, 26.0, 25.0, 20.0, 11.0, 50.0, 14.0, 13.0, 15.0, 12.0, 19.0, 77.0, 41.0, 59.0, 36.0, 22.0, 10.0, 15.0, 34.0, 16.0, 13.0, 14.0, 22.0, 12.0, 36.0, 26.0, 39.0, 49.0, 47.0, 26.0, 39.0, 25.0, 32.0, 21.0, 14.0, 21.0, 16.0, 14.0, 44.0, 22.0, 14.0, 21.0, 25.0, 23.0, 93.0, 48.0, 39.0, 38.0, 47.0, 22.0, 31.0, 17.0, 23.0, 15.0, 24.0, 44.0, 36.0, 38.0, 22.0, 62.0, 102.0, 37.0, 54.0, 35.0, 56.0, 51.0, 38.0, 37.0, 18.0, 24.0, 26.0, 79.0, 15.0, 56.0, 85.0, 92.0, 23.0, 79.0, 12.0, 34.0, 92.0, 14.0, 138.0, 44.0, 14.0, 18.0, 37.0, 29.0, 51.0, 34.0, 85.0, 92.0, 14.0, 46.0, 29.0, 111.0, 104.0, 79.0, 15.0, 60.0, 65.0, 46.0, 110.0, 211.0, 75.0, 95.0, 94.0, 98.0, 124.0, 85.0, 98.0, 105.0, 79.0, 141.0, 110.0, 115.0, 132.0, 129.0, 33.0, 93.0, 71.0, 69.0, 57.0, 41.0, 138.0, 85.0, 137.0, 74.0, 83.0, 129.0, 28.0, 67.0, 24.0, 138.0, 143.0, 168.0, 56.0, 146.0, 158.0, 58.0, 115.0, 28.0, 144.0, 113.0, 141.0, 31.0, 126.0, 124.0, 74.0, 138.0, 33.0, 32.0, 89.0, 192.0, 268.0, 176.0, 183.0, 181.0, 205.0, 179.0, 153.0, 153.0, 158.0, 138.0, 196.0, 177.0, 184.0, 184.0, 182.0, 168.0, 167.0, 160.0, 134.0, 162.0, 192.0, 193.0, 173.0, 189.0, 171.0, 177.0, 134.0, 179.0, 163.0, 189.0, 179.0, 182.0, 183.0, 159.0, 191.0, 186.0, 184.0, 178.0, 140.0, 181.0, 170.0, 32.0, 174.0, 175.0, 187.0, 152.0, 182.0, 180.0, 180.0, 192.0, 197.0, 154.0, 209.0, 181.0, 164.0, 177.0, 169.0, 159.0, 183.0, 186.0, 184.0, 164.0, 181.0, 170.0, 176.0, 168.0, 115.0, 97.0, 181.0, 196.0, 161.0, 156.0, 163.0, 164.0, 176.0, 159.0, 165.0, 171.0, 178.0, 179.0, 169.0, 180.0, 168.0, 177.0, 172.0, 154.0, 171.0, 164.0, 167.0, 166.0, 163.0, 133.0, 164.0, 156.0, 166.0, 158.0, 169.0, 173.0, 168.0, 198.0, 173.0, 195.0, 194.0, 177.0, 164.0, 132.0, 169.0, 173.0, 181.0, 161.0, 169.0, 159.0, 168.0, 166.0, 177.0, 181.0, 174.0, 165.0, 167.0, 169.0, 171.0, 180.0, 147.0, 169.0, 67.0, 174.0, 152.0, 171.0, 161.0, 155.0, 165.0, 165.0, 154.0, 180.0, 165.0, 176.0, 153.0, 167.0, 167.0, 170.0, 159.0, 167.0, 167.0, 167.0, 154.0, 166.0, 165.0, 158.0, 157.0]"
3x128,6,332.5,115.9875,500.0,118.52239173991555,0.0847518231770702,"[13.0, 13.0, 16.0, 16.0, 28.0, 11.0, 9.0, 38.0, 19.0, 25.0, 28.0, 15.0, 16.0, 80.0, 30.0, 25.0, 29.0, 10.0, 20.0, 13.0, 22.0, 12.0, 11.0, 23.0, 16.0, 19.0, 15.0, 32.0, 16.0, 16.0, 22.0, 10.0, 16.0, 14.0, 23.0, 24.0, 48.0, 17.0, 13.0, 19.0, 32.0, 12.0, 30.0, 37.0, 19.0, 39.0, 13.0, 13.0, 34.0, 18.0, 32.0, 11.0, 52.0, 14.0, 104.0, 38.0, 12.0, 27.0, 14.0, 14.0, 15.0, 11.0, 19.0, 16.0, 32.0, 17.0, 44.0, 18.0, 37.0, 35.0, 21.0, 19.0, 14.0, 12.0, 22.0, 15.0, 14.0, 14.0, 14.0, 13.0, 14.0, 12.0, 9.0, 15.0, 12.0, 13.0, 34.0, 21.0, 15.0, 11.0, 22.0, 13.0, 12.0, 14.0, 21.0, 11.0, 33.0, 13.0, 12.0, 15.0, 11.0, 12.0, 25.0, 13.0, 14.0, 15.0, 15.0, 12.0, 22.0, 18.0, 34.0, 21.0, 18.0, 18.0, 14.0, 14.0, 14.0, 20.0, 16.0, 51.0, 25.0, 18.0, 25.0, 23.0, 39.0, 14.0, 20.0, 32.0, 22.0, 38.0, 19.0, 20.0, 15.0, 16.0, 23.0, 23.0, 14.0, 12.0, 57.0, 27.0, 19.0, 31.0, 35.0, 35.0, 25.0, 22.0, 23.0, 14.0, 55.0, 20.0, 13.0, 37.0, 23.0, 17.0, 21.0, 17.0, 34.0, 36.0, 69.0, 33.0, 43.0, 74.0, 46.0, 24.0, 34.0, 70.0, 58.0, 26.0, 42.0, 90.0, 93.0, 25.0, 50.0, 48.0, 47.0, 34.0, 33.0, 48.0, 31.0, 35.0, 51.0, 32.0, 40.0, 48.0, 30.0, 93.0, 44.0, 41.0, 51.0, 117.0, 73.0, 48.0, 93.0, 109.0, 99.0, 79.0, 20.0, 31.0, 77.0, 24.0, 128.0, 115.0, 67.0, 171.0, 48.0, 151.0, 69.0, 108.0, 168.0, 82.0, 32.0, 139.0, 72.0, 43.0, 85.0, 46.0, 195.0, 106.0, 171.0, 68.0, 78.0, 115.0, 38.0, 26.0, 117.0, 51.0, 163.0, 165.0, 74.0, 77.0, 93.0, 15.0, 80.0, 52.0, 113.0, 15.0, 126.0, 108.0, 104.0, 65.0, 108.0, 73.0, 61.0, 58.0, 117.0, 64.0, 60.0, 13.0, 91.0, 49.0, 126.0, 175.0, 192.0, 263.0, 178.0, 27.0, 247.0, 167.0, 160.0, 166.0, 64.0, 105.0, 267.0, 152.0, 164.0, 72.0, 291.0, 33.0, 120.0, 163.0, 49.0, 48.0, 263.0, 28.0, 205.0, 220.0, 211.0, 204.0, 43.0, 174.0, 80.0, 83.0, 228.0, 100.0, 180.0, 257.0, 127.0, 136.0, 214.0, 99.0, 28.0, 145.0, 178.0, 226.0, 197.0, 80.0, 182.0, 97.0, 213.0, 73.0, 203.0, 217.0, 244.0, 299.0, 249.0, 177.0, 260.0, 245.0, 246.0, 319.0, 162.0, 278.0, 224.0, 276.0, 230.0, 265.0, 276.0, 284.0, 305.0, 296.0, 443.0, 357.0, 318.0, 342.0, 339.0, 308.0, 152.0, 339.0, 296.0, 162.0, 270.0, 306.0, 266.0, 321.0, 306.0, 301.0, 291.0, 358.0, 255.0, 256.0, 285.0, 59.0, 288.0, 312.0, 37.0, 262.0, 408.0, 287.0, 248.0, 224.0, 39.0, 276.0, 279.0, 260.0, 277.0, 279.0, 500.0, 280.0, 273.0, 235.0, 292.0, 329.0, 217.0, 322.0, 294.0, 342.0, 319.0, 285.0, 337.0, 257.0, 290.0, 304.0, 271.0, 201.0, 83.0, 314.0, 309.0, 367.0, 470.0, 340.0, 484.0, 263.0, 274.0, 491.0, 342.0, 415.0, 322.0, 331.0, 361.0, 307.0, 330.0, 268.0, 299.0, 318.0, 322.0, 285.0, 296.0, 316.0, 308.0, 318.0]"
3x128,7,479.05,139.62,500.0,133.9855425036597,0.050908037740361275,"[10.0, 19.0, 19.0, 11.0, 11.0, 35.0, 16.0, 10.0, 9.0, 24.0, 99.0, 15.0, 77.0, 8.0, 29.0, 18.0, 23.0, 12.0, 24.0, 16.0, 20.0, 10.0, 13.0, 12.0, 12.0, 11.0, 26.0, 9.0, 12.0, 20.0, 13.0, 20.0, 43.0, 15.0, 14.0, 36.0, 10.0, 16.0, 24.0, 15.0, 13.0, 14.0, 21.0, 10.0, 36.0, 21.0, 8.0, 13.0, 16.0, 21.0, 17.0, 11.0, 20.0, 14.0, 51.0, 13.0, 29.0, 12.0, 50.0, 13.0, 43.0, 16.0, 10.0, 14.0, 8.0, 10.0, 17.0, 18.0, 15.0, 8.0, 11.0, 26.0, 19.0, 37.0, 12.0, 18.0, 15.0, 15.0, 33.0, 13.0, 34.0, 16.0, 12.0, 31.0, 14.0, 16.0, 13.0, 18.0, 15.0, 22.0, 11.0, 45.0, 24.0, 10.0, 13.0, 20.0, 12.0, 9.0, 24.0, 17.0, 14.0, 25.0, 10.0, 43.0, 14.0, 50.0, 33.0, 16.0, 22.0, 31.0, 81.0, 38.0, 14.0, 11.0, 12.0, 11.0, 79.0, 13.0, 72.0, 16.0, 66.0, 69.0, 10.0, 31.0, 54.0, 15.0, 57.0, 29.0, 12.0, 58.0, 32.0, 13.0, 24.0, 35.0, 13.0, 12.0, 29.0, 15.0, 12.0, 14.0, 13.0, 14.0, 15.0, 13.0, 12.0, 59.0, 12.0, 15.0, 77.0, 13.0, 12.0, 23.0, 102.0, 84.0, 37.0, 42.0, 61.0, 62.0, 82.0, 75.0, 39.0, 31.0, 211.0, 30.0, 85.0, 20.0, 30.0, 50.0, 72.0, 202.0, 101.0, 54.0, 167.0, 135.0, 46.0, 52.0, 102.0, 123.0, 83.0, 72.0, 67.0, 29.0, 44.0, 27.0, 52.0, 23.0, 127.0, 55.0, 226.0, 178.0, 112.0, 198.0, 73.0, 245.0, 55.0, 257.0, 19.0, 146.0, 22.0, 129.0, 98.0, 89.0, 62.0, 64.0, 213.0, 244.0, 230.0, 249.0, 110.0, 234.0, 93.0, 57.0, 50.0, 228.0, 72.0, 265.0, 214.0, 122.0, 251.0, 244.0, 43.0, 71.0, 226.0, 78.0, 87.0, 81.0, 167.0, 179.0, 233.0, 219.0, 207.0, 81.0, 241.0, 108.0, 12.0, 11.0, 240.0, 265.0, 200.0, 241.0, 236.0, 57.0, 79.0, 25.0, 217.0, 239.0, 216.0, 21.0, 55.0, 40.0, 98.0, 234.0, 256.0, 263.0, 268.0, 249.0, 63.0, 130.0, 286.0, 234.0, 227.0, 203.0, 150.0, 233.0, 238.0, 244.0, 208.0, 205.0, 245.0, 220.0, 68.0, 223.0, 22.0, 241.0, 227.0, 253.0, 214.0, 234.0, 220.0, 238.0, 42.0, 229.0, 24.0, 246.0, 244.0, 258.0, 207.0, 80.0, 77.0, 78.0, 248.0, 127.0, 230.0, 226.0, 226.0, 224.0, 235.0, 242.0, 216.0, 235.0, 29.0, 233.0, 324.0, 111.0, 250.0, 246.0, 235.0, 253.0, 241.0, 247.0, 288.0, 244.0, 247.0, 249.0, 242.0, 239.0, 252.0, 234.0, 239.0, 258.0, 229.0, 235.0, 240.0, 231.0, 245.0, 215.0, 257.0, 245.0, 255.0, 247.0, 204.0, 242.0, 245.0, 251.0, 228.0, 234.0, 234.0, 241.0, 250.0, 248.0, 238.0, 245.0, 248.0, 224.0, 216.0, 249.0, 241.0, 63.0, 245.0, 248.0, 255.0, 264.0, 266.0, 265.0, 268.0, 256.0, 279.0, 276.0, 287.0, 297.0, 328.0, 344.0, 264.0, 284.0, 289.0, 285.0, 307.0, 370.0, 346.0, 317.0, 330.0, 359.0, 368.0, 389.0, 340.0, 390.0, 319.0, 343.0, 414.0, 472.0, 500.0, 500.0, 500.0, 500.0, 500.0, 500.0, 492.0, 231.0, 484.0, 409.0, 465.0, 500.0, 500.0, 500.0, 500.0, 500.0, 500.0, 500.0, 500.0, 500.0]"
3x128,8,133.0,85.6425,354.0,65.06119960275863,0.053769770488505,"[43.0, 17.0, 20.0, 22.0, 25.0, 9.0, 29.0, 12.0, 32.0, 13.0, 23.0, 13.0, 21.0, 20.0, 13.0, 19.0, 20.0, 23.0, 14.0, 20.0, 12.0, 41.0, 24.0, 16.0, 10.0, 17.0, 24.0, 20.0, 39.0, 26.0, 50.0, 11.0, 12.0, 11.0, 19.0, 11.0, 14.0, 18.0, 17.0, 10.0, 19.0, 11.0, 18.0, 12.0, 12.0, 20.0, 11.0, 13.0, 27.0, 17.0, 13.0, 16.0, 32.0, 19.0, 40.0, 14.0, 32.0, 19.0, 15.0, 14.0, 14.0, 11.0, 11.0, 16.0, 16.0, 24.0, 13.0, 11.0, 23.0, 11.0, 21.0, 13.0, 15.0, 17.0, 10.0, 12.0, 20.0, 19.0, 10.0, 19.0, 16.0, 17.0, 9.0, 15.0, 52.0, 21.0, 20.0, 14.0, 14.0, 13.0, 17.0, 19.0, 18.0, 20.0, 10.0, 16.0, 14.0, 13.0, 19.0, 15.0, 12.0, 13.0, 35.0, 16.0, 35.0, 27.0, 18.0, 25.0, 13.0, 64.0, 17.0, 28.0, 23.0, 46.0, 10.0, 22.0, 113.0, 41.0, 30.0, 35.0, 11.0, 40.0, 14.0, 92.0, 27.0, 17.0, 29.0, 11.0, 16.0, 13.0, 51.0, 40.0, 73.0, 43.0, 27.0, 18.0, 50.0, 19.0, 16.0, 75.0, 15.0, 70.0, 33.0, 62.0, 14.0, 11.0, 36.0, 45.0, 58.0, 76.0, 30.0, 29.0, 50.0, 63.0, 112.0, 105.0, 35.0, 125.0, 90.0, 47.0, 15.0, 30.0, 119.0, 50.0, 26.0, 27.0, 85.0, 56.0, 29.0, 30.0, 64.0, 29.0, 31.0, 66.0, 73.0, 28.0, 19.0, 16.0, 66.0, 59.0, 35.0, 50.0, 26.0, 48.0, 33.0, 190.0, 49.0, 75.0, 49.0, 51.0, 49.0, 31.0, 36.0, 14.0, 26.0, 39.0, 13.0, 92.0, 145.0, 75.0, 27.0, 79.0, 123.0, 202.0, 39.0, 92.0, 147.0, 58.0, 37.0, 51.0, 84.0, 63.0, 28.0, 171.0, 43.0, 116.0, 76.0, 354.0, 131.0, 142.0, 43.0, 126.0, 119.0, 57.0, 231.0, 37.0, 47.0, 110.0, 184.0, 28.0, 140.0, 211.0, 98.0, 152.0, 123.0, 40.0, 205.0, 109.0, 185.0, 100.0, 104.0, 122.0, 147.0, 136.0, 138.0, 256.0, 158.0, 140.0, 226.0, 97.0, 48.0, 235.0, 144.0, 166.0, 150.0, 203.0, 167.0, 61.0, 118.0, 151.0, 97.0, 61.0, 141.0, 140.0, 114.0, 153.0, 147.0, 146.0, 187.0, 160.0, 127.0, 141.0, 145.0, 86.0, 144.0, 169.0, 145.0, 149.0, 195.0, 153.0, 150.0, 153.0, 147.0, 153.0, 138.0, 104.0, 167.0, 74.0, 154.0, 164.0, 132.0, 135.0, 130.0, 158.0, 131.0, 160.0, 49.0, 152.0, 166.0, 150.0, 111.0, 159.0, 172.0, 170.0, 175.0, 122.0, 174.0, 159.0, 193.0, 180.0, 178.0, 166.0, 174.0, 135.0, 171.0, 168.0, 165.0, 175.0, 171.0, 171.0, 164.0, 144.0, 162.0, 170.0, 168.0, 170.0, 144.0, 170.0, 159.0, 209.0, 166.0, 164.0, 94.0, 160.0, 153.0, 146.0, 143.0, 115.0, 151.0, 156.0, 161.0, 158.0, 150.0, 148.0, 152.0, 152.0, 153.0, 141.0, 146.0, 154.0, 164.0, 143.0, 165.0, 163.0, 147.0, 168.0, 155.0, 152.0, 152.0, 150.0, 149.0, 140.0, 145.0, 145.0, 151.0, 144.0, 145.0, 152.0, 148.0, 150.0, 144.0, 145.0, 144.0, 148.0, 150.0, 144.0, 148.0, 110.0, 141.0, 144.0, 123.0, 145.0, 139.0, 143.0, 20.0, 151.0, 138.0, 146.0, 143.0, 92.0, 145.0, 140.0, 136.0, 146.0, 145.0, 148.0, 129.0, 144.0, 143.0, 144.0]"
3x128,9,151.95,99.8375,435.0,92.55350395176836,0.05616395636721536,"[20.0, 15.0, 43.0, 17.0, 28.0, 19.0, 25.0, 15.0, 55.0, 13.0, 62.0, 47.0, 16.0, 32.0, 17.0, 17.0, 9.0, 11.0, 19.0, 52.0, 21.0, 12.0, 15.0, 12.0, 13.0, 13.0, 19.0, 19.0, 27.0, 15.0, 28.0, 21.0, 15.0, 24.0, 20.0, 11.0, 15.0, 30.0, 15.0, 21.0, 19.0, 17.0, 28.0, 15.0, 17.0, 15.0, 23.0, 12.0, 13.0, 36.0, 24.0, 28.0, 10.0, 12.0, 15.0, 25.0, 13.0, 16.0, 16.0, 15.0, 15.0, 10.0, 17.0, 14.0, 16.0, 32.0, 31.0, 18.0, 22.0, 17.0, 31.0, 25.0, 13.0, 19.0, 12.0, 15.0, 39.0, 17.0, 13.0, 19.0, 23.0, 17.0, 16.0, 23.0, 22.0, 24.0, 19.0, 12.0, 16.0, 41.0, 17.0, 12.0, 15.0, 12.0, 24.0, 11.0, 14.0, 18.0, 18.0, 17.0, 15.0, 30.0, 14.0, 15.0, 34.0, 24.0, 23.0, 15.0, 25.0, 48.0, 21.0, 17.0, 21.0, 12.0, 17.0, 15.0, 13.0, 14.0, 22.0, 20.0, 16.0, 16.0, 20.0, 14.0, 17.0, 12.0, 15.0, 69.0, 14.0, 14.0, 25.0, 13.0, 57.0, 26.0, 18.0, 12.0, 14.0, 12.0, 18.0, 133.0, 25.0, 25.0, 30.0, 38.0, 22.0, 35.0, 19.0, 12.0, 161.0, 57.0, 12.0, 13.0, 48.0, 35.0, 69.0, 12.0, 52.0, 20.0, 60.0, 29.0, 24.0, 41.0, 23.0, 18.0, 33.0, 42.0, 44.0, 26.0, 37.0, 18.0, 28.0, 48.0, 30.0, 66.0, 31.0, 46.0, 41.0, 32.0, 30.0, 92.0, 48.0, 50.0, 52.0, 86.0, 29.0, 53.0, 68.0, 45.0, 13.0, 21.0, 36.0, 191.0, 65.0, 16.0, 37.0, 41.0, 45.0, 58.0, 25.0, 64.0, 19.0, 55.0, 54.0, 41.0, 161.0, 16.0, 77.0, 47.0, 117.0, 99.0, 99.0, 105.0, 23.0, 185.0, 118.0, 256.0, 81.0, 68.0, 72.0, 195.0, 198.0, 244.0, 101.0, 120.0, 108.0, 141.0, 66.0, 125.0, 90.0, 93.0, 84.0, 36.0, 41.0, 243.0, 120.0, 170.0, 48.0, 203.0, 289.0, 89.0, 266.0, 82.0, 17.0, 90.0, 64.0, 204.0, 271.0, 197.0, 248.0, 16.0, 66.0, 258.0, 288.0, 254.0, 307.0, 227.0, 435.0, 366.0, 333.0, 202.0, 395.0, 303.0, 251.0, 294.0, 339.0, 131.0, 255.0, 349.0, 145.0, 186.0, 198.0, 76.0, 226.0, 339.0, 298.0, 140.0, 212.0, 300.0, 331.0, 166.0, 194.0, 138.0, 13.0, 343.0, 258.0, 384.0, 205.0, 309.0, 294.0, 140.0, 15.0, 284.0, 161.0, 263.0, 248.0, 13.0, 292.0, 167.0, 217.0, 247.0, 161.0, 175.0, 189.0, 327.0, 189.0, 205.0, 199.0, 210.0, 199.0, 167.0, 203.0, 179.0, 199.0, 254.0, 220.0, 219.0, 190.0, 166.0, 189.0, 197.0, 173.0, 172.0, 168.0, 188.0, 160.0, 167.0, 167.0, 167.0, 149.0, 171.0, 180.0, 126.0, 181.0, 187.0, 170.0, 184.0, 64.0, 158.0, 167.0, 204.0, 165.0, 203.0, 148.0, 185.0, 149.0, 39.0, 144.0, 176.0, 170.0, 162.0, 162.0, 163.0, 189.0, 162.0, 176.0, 172.0, 160.0, 160.0, 180.0, 160.0, 168.0, 146.0, 163.0, 159.0, 160.0, 166.0, 161.0, 150.0, 163.0, 149.0, 153.0, 158.0, 44.0, 158.0, 156.0, 83.0, 165.0, 161.0, 158.0, 153.0, 149.0, 155.0, 146.0, 136.0, 155.0, 153.0, 149.0, 154.0, 152.0, 161.0, 156.0, 153.0, 159.0, 151.0, 153.0, 150.0, 149.0, 148.0, 155.0, 155.0]"
3x128,10,334.75,99.195,500.0,93.47158378352214,0.07554910782505067,"[34.0, 26.0, 29.0, 41.0, 15.0, 17.0, 22.0, 25.0, 11.0, 19.0, 22.0, 66.0, 18.0, 25.0, 14.0, 20.0, 11.0, 29.0, 18.0, 15.0, 19.0, 24.0, 21.0, 27.0, 13.0, 38.0, 15.0, 18.0, 20.0, 13.0, 28.0, 15.0, 31.0, 22.0, 30.0, 23.0, 15.0, 21.0, 26.0, 12.0, 15.0, 24.0, 24.0, 31.0, 19.0, 19.0, 23.0, 33.0, 14.0, 14.0, 17.0, 22.0, 12.0, 21.0, 16.0, 34.0, 29.0, 16.0, 14.0, 13.0, 11.0, 12.0, 39.0, 14.0, 14.0, 11.0, 22.0, 9.0, 20.0, 15.0, 14.0, 17.0, 12.0, 25.0, 28.0, 24.0, 19.0, 23.0, 30.0, 13.0, 11.0, 10.0, 23.0, 18.0, 20.0, 12.0, 13.0, 13.0, 12.0, 19.0, 13.0, 22.0, 16.0, 13.0, 14.0, 45.0, 14.0, 16.0, 13.0, 11.0, 17.0, 9.0, 18.0, 14.0, 16.0, 20.0, 17.0, 13.0, 12.0, 12.0, 13.0, 14.0, 18.0, 18.0, 22.0, 17.0, 20.0, 17.0, 17.0, 25.0, 12.0, 26.0, 13.0, 19.0, 23.0, 16.0, 15.0, 14.0, 17.0, 13.0, 19.0, 20.0, 18.0, 10.0, 39.0, 13.0, 30.0, 19.0, 16.0, 16.0, 21.0, 24.0, 18.0, 14.0, 16.0, 11.0, 23.0, 52.0, 36.0, 19.0, 14.0, 21.0, 19.0, 40.0, 15.0, 24.0, 18.0, 14.0, 19.0, 21.0, 30.0, 24.0, 25.0, 36.0, 14.0, 99.0, 78.0, 108.0, 91.0, 37.0, 15.0, 47.0, 51.0, 45.0, 80.0, 43.0, 43.0, 46.0, 79.0, 69.0, 29.0, 48.0, 40.0, 56.0, 40.0, 42.0, 12.0, 23.0, 40.0, 46.0, 38.0, 13.0, 62.0, 67.0, 16.0, 60.0, 48.0, 36.0, 13.0, 42.0, 18.0, 26.0, 59.0, 53.0, 58.0, 140.0, 41.0, 169.0, 18.0, 56.0, 23.0, 18.0, 164.0, 103.0, 84.0, 121.0, 145.0, 200.0, 134.0, 190.0, 151.0, 156.0, 327.0, 53.0, 34.0, 263.0, 101.0, 117.0, 189.0, 110.0, 71.0, 102.0, 128.0, 168.0, 157.0, 108.0, 103.0, 95.0, 111.0, 25.0, 17.0, 94.0, 155.0, 143.0, 163.0, 110.0, 192.0, 110.0, 50.0, 170.0, 41.0, 163.0, 99.0, 174.0, 158.0, 127.0, 112.0, 169.0, 121.0, 182.0, 71.0, 269.0, 33.0, 161.0, 155.0, 137.0, 143.0, 165.0, 171.0, 153.0, 126.0, 179.0, 167.0, 167.0, 197.0, 182.0, 124.0, 132.0, 174.0, 195.0, 214.0, 141.0, 171.0, 62.0, 188.0, 226.0, 169.0, 77.0, 152.0, 205.0, 178.0, 169.0, 188.0, 183.0, 144.0, 172.0, 152.0, 207.0, 105.0, 208.0, 222.0, 176.0, 182.0, 196.0, 167.0, 183.0, 176.0, 195.0, 183.0, 182.0, 102.0, 189.0, 152.0, 180.0, 184.0, 184.0, 178.0, 172.0, 176.0, 202.0, 98.0, 183.0, 177.0, 197.0, 173.0, 173.0, 167.0, 172.0, 181.0, 172.0, 163.0, 168.0, 169.0, 175.0, 86.0, 175.0, 179.0, 163.0, 167.0, 171.0, 179.0, 153.0, 177.0, 170.0, 167.0, 111.0, 165.0, 193.0, 170.0, 151.0, 186.0, 186.0, 182.0, 176.0, 181.0, 190.0, 209.0, 187.0, 225.0, 174.0, 194.0, 197.0, 205.0, 189.0, 187.0, 181.0, 197.0, 201.0, 198.0, 209.0, 218.0, 218.0, 214.0, 221.0, 223.0, 233.0, 251.0, 245.0, 238.0, 206.0, 248.0, 269.0, 313.0, 326.0, 266.0, 379.0, 286.0, 305.0, 275.0, 372.0, 280.0, 500.0, 272.0, 310.0, 383.0, 274.0, 359.0, 299.0, 479.0, 500.0]"
2x128,1,93.5,50.535,181.0,40.529110217225345,0.06606052314411624,"[32.0, 21.0, 35.0, 17.0, 14.0, 11.0, 13.0, 24.0, 25.0, 22.0, 22.0, 14.0, 18.0, 10.0, 20.0, 16.0, 11.0, 21.0, 61.0, 9.0, 68.0, 43.0, 73.0, 21.0, 24.0, 35.0, 41.0, 29.0, 22.0, 12.0, 27.0, 14.0, 14.0, 31.0, 27.0, 23.0, 23.0, 21.0, 51.0, 14.0, 22.0, 25.0, 30.0, 18.0, 12.0, 19.0, 16.0, 26.0, 16.0, 32.0, 18.0, 36.0, 23.0, 17.0, 22.0, 32.0, 30.0, 56.0, 16.0, 42.0, 13.0, 16.0, 28.0, 36.0, 15.0, 12.0, 32.0, 10.0, 9.0, 14.0, 11.0, 11.0, 52.0, 55.0, 16.0, 47.0, 15.0, 21.0, 41.0, 19.0, 20.0, 17.0, 17.0, 15.0, 14.0, 21.0, 13.0, 26.0, 24.0, 26.0, 68.0, 44.0, 26.0, 37.0, 36.0, 13.0, 33.0, 12.0, 19.0, 34.0, 21.0, 20.0, 26.0, 16.0, 28.0, 40.0, 25.0, 31.0, 58.0, 41.0, 14.0, 18.0, 19.0, 16.0, 50.0, 24.0, 50.0, 34.0, 14.0, 19.0, 12.0, 28.0, 34.0, 11.0, 13.0, 56.0, 40.0, 41.0, 15.0, 27.0, 11.0, 23.0, 62.0, 29.0, 15.0, 18.0, 23.0, 34.0, 35.0, 25.0, 15.0, 17.0, 42.0, 15.0, 45.0, 45.0, 11.0, 23.0, 29.0, 31.0, 13.0, 28.0, 122.0, 91.0, 89.0, 84.0, 11.0, 13.0, 43.0, 97.0, 32.0, 92.0, 78.0, 26.0, 58.0, 13.0, 26.0, 45.0, 13.0, 32.0, 114.0, 51.0, 33.0, 15.0, 28.0, 76.0, 55.0, 31.0, 46.0, 65.0, 15.0, 39.0, 30.0, 51.0, 21.0, 33.0, 11.0, 19.0, 69.0, 32.0, 32.0, 90.0, 17.0, 14.0, 15.0, 56.0, 70.0, 17.0, 35.0, 30.0, 25.0, 62.0, 114.0, 32.0, 28.0, 64.0, 24.0, 92.0, 14.0, 80.0, 14.0, 40.0, 37.0, 31.0, 22.0, 13.0, 14.0, 17.0, 43.0, 24.0, 90.0, 72.0, 39.0, 58.0, 26.0, 40.0, 84.0, 48.0, 57.0, 63.0, 12.0, 30.0, 38.0, 35.0, 29.0, 59.0, 69.0, 31.0, 12.0, 38.0, 31.0, 30.0, 75.0, 38.0, 40.0, 13.0, 31.0, 32.0, 28.0, 11.0, 11.0, 35.0, 32.0, 82.0, 76.0, 33.0, 39.0, 23.0, 126.0, 113.0, 39.0, 67.0, 126.0, 13.0, 19.0, 31.0, 126.0, 24.0, 14.0, 101.0, 112.0, 15.0, 22.0, 32.0, 82.0, 31.0, 34.0, 99.0, 81.0, 31.0, 101.0, 69.0, 47.0, 122.0, 120.0, 58.0, 62.0, 74.0, 30.0, 29.0, 13.0, 107.0, 20.0, 58.0, 71.0, 62.0, 30.0, 68.0, 34.0, 13.0, 31.0, 152.0, 16.0, 143.0, 121.0, 158.0, 14.0, 127.0, 57.0, 64.0, 11.0, 145.0, 14.0, 108.0, 21.0, 46.0, 68.0, 126.0, 69.0, 151.0, 12.0, 13.0, 158.0, 109.0, 125.0, 13.0, 88.0, 88.0, 46.0, 115.0, 131.0, 181.0, 84.0, 131.0, 71.0, 129.0, 160.0, 158.0, 122.0, 33.0, 18.0, 132.0, 132.0, 40.0, 136.0, 112.0, 153.0, 56.0, 32.0, 142.0, 14.0, 133.0, 116.0, 126.0, 130.0, 47.0, 13.0, 129.0, 128.0, 118.0, 12.0, 14.0, 15.0, 136.0, 81.0, 115.0, 118.0, 13.0, 110.0, 95.0, 115.0, 139.0, 119.0, 113.0, 116.0, 100.0, 101.0, 124.0, 36.0, 120.0, 28.0, 66.0, 24.0, 53.0, 108.0, 110.0, 126.0, 13.0, 110.0, 130.0, 110.0, 113.0, 112.0, 120.0, 107.0, 81.0, 109.0, 113.0, 118.0, 119.0]"
2x128,2,113.0,47.18,256.0,38.48548557573361,0.07402698387192234,"[22.0, 53.0, 13.0, 10.0, 14.0, 14.0, 18.0, 12.0, 18.0, 43.0, 20.0, 16.0, 15.0, 18.0, 29.0, 19.0, 21.0, 12.0, 50.0, 18.0, 50.0, 47.0, 50.0, 32.0, 34.0, 42.0, 20.0, 14.0, 19.0, 27.0, 15.0, 23.0, 21.0, 24.0, 16.0, 25.0, 46.0, 23.0, 24.0, 30.0, 20.0, 21.0, 24.0, 50.0, 14.0, 22.0, 18.0, 17.0, 38.0, 14.0, 16.0, 23.0, 16.0, 16.0, 33.0, 24.0, 48.0, 21.0, 45.0, 11.0, 22.0, 19.0, 12.0, 40.0, 31.0, 40.0, 34.0, 13.0, 44.0, 46.0, 21.0, 13.0, 22.0, 61.0, 18.0, 48.0, 30.0, 15.0, 10.0, 22.0, 16.0, 28.0, 14.0, 19.0, 21.0, 20.0, 15.0, 17.0, 32.0, 14.0, 11.0, 19.0, 9.0, 19.0, 10.0, 18.0, 23.0, 22.0, 15.0, 35.0, 11.0, 53.0, 15.0, 43.0, 17.0, 15.0, 40.0, 50.0, 35.0, 30.0, 13.0, 24.0, 13.0, 32.0, 12.0, 27.0, 21.0, 10.0, 11.0, 63.0, 9.0, 15.0, 17.0, 24.0, 13.0, 16.0, 12.0, 25.0, 15.0, 67.0, 28.0, 25.0, 15.0, 10.0, 24.0, 14.0, 34.0, 13.0, 11.0, 16.0, 32.0, 45.0, 28.0, 24.0, 14.0, 62.0, 10.0, 11.0, 10.0, 28.0, 25.0, 9.0, 12.0, 16.0, 85.0, 38.0, 42.0, 46.0, 51.0, 29.0, 32.0, 27.0, 21.0, 17.0, 34.0, 12.0, 15.0, 45.0, 46.0, 18.0, 14.0, 49.0, 14.0, 49.0, 57.0, 51.0, 14.0, 24.0, 10.0, 34.0, 21.0, 14.0, 44.0, 67.0, 23.0, 13.0, 23.0, 30.0, 36.0, 27.0, 25.0, 71.0, 54.0, 74.0, 32.0, 33.0, 31.0, 17.0, 32.0, 12.0, 23.0, 77.0, 17.0, 97.0, 49.0, 42.0, 84.0, 43.0, 72.0, 96.0, 19.0, 22.0, 56.0, 43.0, 81.0, 58.0, 40.0, 32.0, 28.0, 49.0, 65.0, 53.0, 15.0, 28.0, 31.0, 64.0, 33.0, 39.0, 46.0, 27.0, 20.0, 22.0, 55.0, 28.0, 21.0, 35.0, 56.0, 20.0, 26.0, 39.0, 45.0, 26.0, 33.0, 37.0, 30.0, 45.0, 29.0, 51.0, 17.0, 39.0, 11.0, 15.0, 41.0, 13.0, 73.0, 93.0, 97.0, 79.0, 20.0, 48.0, 55.0, 18.0, 21.0, 39.0, 57.0, 50.0, 33.0, 101.0, 24.0, 97.0, 78.0, 70.0, 120.0, 52.0, 64.0, 34.0, 35.0, 52.0, 32.0, 70.0, 30.0, 23.0, 28.0, 35.0, 66.0, 29.0, 59.0, 40.0, 34.0, 45.0, 36.0, 33.0, 32.0, 30.0, 52.0, 25.0, 26.0, 45.0, 39.0, 62.0, 58.0, 125.0, 52.0, 98.0, 16.0, 27.0, 45.0, 96.0, 101.0, 94.0, 88.0, 26.0, 134.0, 136.0, 25.0, 33.0, 109.0, 49.0, 116.0, 44.0, 149.0, 137.0, 49.0, 75.0, 83.0, 69.0, 87.0, 82.0, 29.0, 55.0, 78.0, 27.0, 89.0, 88.0, 91.0, 97.0, 146.0, 91.0, 87.0, 12.0, 44.0, 87.0, 91.0, 30.0, 92.0, 55.0, 94.0, 9.0, 129.0, 102.0, 23.0, 121.0, 30.0, 101.0, 175.0, 101.0, 109.0, 122.0, 167.0, 102.0, 12.0, 111.0, 111.0, 20.0, 114.0, 103.0, 107.0, 97.0, 198.0, 148.0, 94.0, 119.0, 102.0, 102.0, 126.0, 106.0, 106.0, 27.0, 108.0, 97.0, 180.0, 100.0, 103.0, 256.0, 104.0, 12.0, 101.0, 174.0, 143.0, 105.0, 15.0, 120.0, 106.0, 136.0, 122.0, 10.0, 101.0, 100.0, 168.0, 104.0]"
2x128,3,105.95,49.935,290.0,45.61382219240129,0.08666323114875923,"[19.0, 18.0, 40.0, 11.0, 24.0, 29.0, 29.0, 66.0, 70.0, 18.0, 10.0, 28.0, 22.0, 10.0, 16.0, 24.0, 14.0, 11.0, 23.0, 17.0, 18.0, 13.0, 26.0, 17.0, 20.0, 41.0, 23.0, 16.0, 24.0, 13.0, 21.0, 33.0, 36.0, 29.0, 11.0, 46.0, 14.0, 13.0, 10.0, 11.0, 14.0, 11.0, 35.0, 18.0, 56.0, 20.0, 34.0, 15.0, 13.0, 11.0, 11.0, 13.0, 13.0, 14.0, 14.0, 17.0, 9.0, 12.0, 17.0, 16.0, 19.0, 16.0, 10.0, 14.0, 16.0, 15.0, 12.0, 25.0, 13.0, 10.0, 20.0, 57.0, 24.0, 10.0, 18.0, 45.0, 15.0, 15.0, 16.0, 9.0, 11.0, 45.0, 17.0, 21.0, 18.0, 16.0, 10.0, 10.0, 22.0, 14.0, 46.0, 36.0, 16.0, 13.0, 10.0, 23.0, 13.0, 11.0, 21.0, 18.0, 28.0, 18.0, 12.0, 43.0, 58.0, 28.0, 17.0, 31.0, 25.0, 11.0, 31.0, 21.0, 9.0, 41.0, 36.0, 18.0, 16.0, 20.0, 9.0, 15.0, 41.0, 101.0, 35.0, 27.0, 13.0, 12.0, 13.0, 18.0, 10.0, 10.0, 41.0, 17.0, 12.0, 16.0, 24.0, 23.0, 16.0, 17.0, 24.0, 15.0, 22.0, 12.0, 15.0, 47.0, 12.0, 13.0, 13.0, 35.0, 29.0, 22.0, 14.0, 19.0, 38.0, 11.0, 18.0, 122.0, 80.0, 16.0, 90.0, 70.0, 15.0, 10.0, 21.0, 11.0, 9.0, 13.0, 58.0, 28.0, 50.0, 12.0, 101.0, 13.0, 69.0, 83.0, 36.0, 76.0, 31.0, 40.0, 11.0, 33.0, 13.0, 54.0, 13.0, 19.0, 14.0, 26.0, 62.0, 31.0, 46.0, 55.0, 16.0, 14.0, 66.0, 57.0, 9.0, 17.0, 56.0, 21.0, 42.0, 32.0, 59.0, 26.0, 116.0, 13.0, 33.0, 183.0, 38.0, 37.0, 51.0, 65.0, 72.0, 11.0, 31.0, 28.0, 54.0, 44.0, 57.0, 49.0, 46.0, 13.0, 22.0, 13.0, 33.0, 35.0, 24.0, 28.0, 34.0, 25.0, 34.0, 47.0, 26.0, 15.0, 22.0, 52.0, 37.0, 16.0, 28.0, 35.0, 29.0, 47.0, 35.0, 92.0, 54.0, 72.0, 35.0, 53.0, 27.0, 86.0, 36.0, 33.0, 58.0, 117.0, 28.0, 38.0, 85.0, 36.0, 49.0, 28.0, 27.0, 79.0, 134.0, 95.0, 91.0, 28.0, 114.0, 90.0, 107.0, 56.0, 127.0, 34.0, 23.0, 122.0, 49.0, 77.0, 31.0, 63.0, 34.0, 121.0, 121.0, 40.0, 43.0, 88.0, 61.0, 54.0, 70.0, 58.0, 30.0, 29.0, 34.0, 25.0, 16.0, 107.0, 28.0, 49.0, 18.0, 22.0, 112.0, 30.0, 51.0, 41.0, 50.0, 115.0, 30.0, 23.0, 80.0, 51.0, 170.0, 79.0, 64.0, 109.0, 36.0, 145.0, 32.0, 211.0, 65.0, 134.0, 39.0, 115.0, 92.0, 27.0, 55.0, 182.0, 99.0, 77.0, 34.0, 132.0, 145.0, 131.0, 59.0, 27.0, 18.0, 125.0, 67.0, 32.0, 69.0, 97.0, 94.0, 151.0, 45.0, 223.0, 124.0, 133.0, 59.0, 25.0, 19.0, 162.0, 21.0, 12.0, 53.0, 108.0, 100.0, 151.0, 104.0, 290.0, 101.0, 161.0, 125.0, 16.0, 19.0, 202.0, 11.0, 47.0, 117.0, 16.0, 77.0, 66.0, 98.0, 35.0, 126.0, 86.0, 138.0, 158.0, 74.0, 50.0, 142.0, 126.0, 148.0, 162.0, 100.0, 225.0, 134.0, 133.0, 101.0, 128.0, 85.0, 88.0, 150.0, 116.0, 117.0, 123.0, 136.0, 135.0, 71.0, 47.0, 110.0, 200.0, 116.0, 87.0, 13.0, 29.0]"
2x128,4,158.45,64.76,331.0,61.65604106654919,0.0704296283866481,"[33.0, 17.0, 9.0, 14.0, 27.0, 16.0, 12.0, 19.0, 17.0, 18.0, 30.0, 17.0, 17.0, 15.0, 20.0, 14.0, 20.0, 10.0, 63.0, 12.0, 46.0, 13.0, 23.0, 19.0, 48.0, 36.0, 55.0, 18.0, 10.0, 23.0, 31.0, 34.0, 27.0, 44.0, 29.0, 12.0, 33.0, 43.0, 54.0, 21.0, 29.0, 14.0, 49.0, 23.0, 20.0, 25.0, 13.0, 60.0, 20.0, 12.0, 72.0, 16.0, 48.0, 103.0, 9.0, 41.0, 24.0, 35.0, 22.0, 22.0, 39.0, 54.0, 39.0, 23.0, 37.0, 21.0, 38.0, 34.0, 36.0, 35.0, 32.0, 14.0, 18.0, 85.0, 22.0, 22.0, 28.0, 24.0, 28.0, 23.0, 26.0, 35.0, 13.0, 17.0, 42.0, 17.0, 37.0, 20.0, 41.0, 25.0, 15.0, 39.0, 22.0, 39.0, 35.0, 35.0, 67.0, 22.0, 21.0, 36.0, 16.0, 63.0, 30.0, 78.0, 28.0, 55.0, 20.0, 53.0, 19.0, 55.0, 35.0, 17.0, 61.0, 35.0, 24.0, 27.0, 99.0, 80.0, 74.0, 27.0, 40.0, 23.0, 25.0, 19.0, 18.0, 13.0, 31.0, 50.0, 19.0, 24.0, 41.0, 29.0, 43.0, 12.0, 17.0, 18.0, 24.0, 42.0, 13.0, 15.0, 19.0, 22.0, 21.0, 25.0, 62.0, 49.0, 70.0, 19.0, 52.0, 20.0, 18.0, 72.0, 183.0, 84.0, 47.0, 41.0, 18.0, 40.0, 43.0, 59.0, 38.0, 59.0, 13.0, 34.0, 42.0, 12.0, 89.0, 36.0, 17.0, 27.0, 33.0, 34.0, 21.0, 47.0, 47.0, 47.0, 72.0, 30.0, 23.0, 45.0, 50.0, 68.0, 37.0, 33.0, 12.0, 34.0, 61.0, 37.0, 52.0, 39.0, 52.0, 16.0, 33.0, 13.0, 70.0, 43.0, 13.0, 51.0, 28.0, 92.0, 39.0, 67.0, 15.0, 82.0, 51.0, 13.0, 14.0, 38.0, 40.0, 71.0, 47.0, 64.0, 31.0, 16.0, 155.0, 26.0, 11.0, 51.0, 129.0, 31.0, 12.0, 20.0, 38.0, 18.0, 17.0, 45.0, 150.0, 58.0, 15.0, 33.0, 45.0, 87.0, 12.0, 36.0, 41.0, 45.0, 128.0, 68.0, 32.0, 12.0, 45.0, 15.0, 94.0, 17.0, 14.0, 23.0, 82.0, 94.0, 43.0, 31.0, 150.0, 95.0, 28.0, 31.0, 38.0, 32.0, 13.0, 46.0, 11.0, 36.0, 170.0, 98.0, 68.0, 138.0, 20.0, 34.0, 16.0, 16.0, 57.0, 86.0, 53.0, 45.0, 17.0, 37.0, 63.0, 13.0, 90.0, 29.0, 69.0, 42.0, 18.0, 28.0, 33.0, 185.0, 186.0, 66.0, 169.0, 225.0, 35.0, 53.0, 28.0, 22.0, 12.0, 129.0, 34.0, 115.0, 29.0, 62.0, 38.0, 18.0, 98.0, 199.0, 26.0, 186.0, 213.0, 175.0, 186.0, 125.0, 94.0, 101.0, 178.0, 240.0, 33.0, 14.0, 221.0, 14.0, 79.0, 121.0, 26.0, 16.0, 134.0, 49.0, 224.0, 57.0, 180.0, 23.0, 49.0, 132.0, 21.0, 16.0, 216.0, 124.0, 221.0, 281.0, 187.0, 232.0, 41.0, 136.0, 61.0, 207.0, 166.0, 68.0, 221.0, 125.0, 147.0, 42.0, 117.0, 106.0, 201.0, 101.0, 113.0, 132.0, 146.0, 331.0, 150.0, 156.0, 13.0, 279.0, 115.0, 34.0, 149.0, 115.0, 133.0, 149.0, 130.0, 179.0, 167.0, 197.0, 54.0, 166.0, 44.0, 39.0, 149.0, 167.0, 165.0, 178.0, 97.0, 184.0, 128.0, 51.0, 237.0, 14.0, 208.0, 157.0, 166.0, 46.0, 251.0, 135.0, 178.0, 117.0, 157.0, 163.0, 182.0, 199.0, 207.0, 196.0, 249.0, 35.0, 203.0, 69.0]"
2x128,5,137.55,48.625,188.0,47.441483693071824,0.04625025473486603,"[12.0, 15.0, 19.0, 10.0, 17.0, 37.0, 16.0, 18.0, 10.0, 14.0, 16.0, 18.0, 25.0, 15.0, 13.0, 12.0, 16.0, 13.0, 23.0, 64.0, 15.0, 17.0, 39.0, 12.0, 13.0, 13.0, 17.0, 22.0, 9.0, 30.0, 18.0, 11.0, 17.0, 24.0, 30.0, 16.0, 13.0, 11.0, 17.0, 14.0, 22.0, 12.0, 19.0, 11.0, 12.0, 13.0, 17.0, 25.0, 12.0, 10.0, 9.0, 13.0, 11.0, 19.0, 11.0, 13.0, 13.0, 14.0, 11.0, 15.0, 15.0, 17.0, 11.0, 17.0, 13.0, 24.0, 19.0, 10.0, 21.0, 12.0, 25.0, 13.0, 36.0, 13.0, 10.0, 11.0, 13.0, 11.0, 11.0, 10.0, 16.0, 10.0, 9.0, 9.0, 12.0, 11.0, 11.0, 12.0, 9.0, 49.0, 9.0, 15.0, 17.0, 10.0, 18.0, 17.0, 16.0, 33.0, 13.0, 10.0, 31.0, 11.0, 14.0, 10.0, 20.0, 10.0, 16.0, 32.0, 10.0, 22.0, 18.0, 11.0, 21.0, 43.0, 13.0, 13.0, 13.0, 43.0, 9.0, 10.0, 9.0, 14.0, 10.0, 11.0, 10.0, 11.0, 14.0, 11.0, 11.0, 13.0, 9.0, 12.0, 31.0, 37.0, 10.0, 18.0, 16.0, 10.0, 9.0, 34.0, 9.0, 13.0, 16.0, 13.0, 10.0, 10.0, 10.0, 12.0, 13.0, 9.0, 10.0, 46.0, 32.0, 35.0, 9.0, 60.0, 9.0, 14.0, 11.0, 16.0, 19.0, 13.0, 10.0, 13.0, 11.0, 10.0, 14.0, 20.0, 48.0, 15.0, 14.0, 12.0, 12.0, 9.0, 9.0, 56.0, 31.0, 28.0, 9.0, 27.0, 27.0, 10.0, 9.0, 10.0, 10.0, 35.0, 13.0, 12.0, 9.0, 23.0, 29.0, 17.0, 9.0, 18.0, 9.0, 10.0, 35.0, 11.0, 11.0, 28.0, 15.0, 11.0, 10.0, 28.0, 16.0, 19.0, 69.0, 19.0, 68.0, 18.0, 40.0, 46.0, 34.0, 15.0, 14.0, 42.0, 64.0, 45.0, 22.0, 11.0, 64.0, 30.0, 32.0, 12.0, 25.0, 27.0, 24.0, 23.0, 38.0, 43.0, 11.0, 18.0, 35.0, 37.0, 21.0, 29.0, 29.0, 9.0, 27.0, 15.0, 45.0, 53.0, 23.0, 41.0, 54.0, 44.0, 53.0, 48.0, 32.0, 9.0, 52.0, 19.0, 35.0, 12.0, 64.0, 34.0, 32.0, 41.0, 39.0, 12.0, 71.0, 46.0, 49.0, 57.0, 78.0, 11.0, 49.0, 44.0, 45.0, 35.0, 56.0, 37.0, 52.0, 71.0, 73.0, 46.0, 39.0, 29.0, 46.0, 48.0, 82.0, 87.0, 65.0, 44.0, 88.0, 29.0, 36.0, 84.0, 96.0, 83.0, 31.0, 40.0, 84.0, 34.0, 12.0, 49.0, 75.0, 48.0, 79.0, 37.0, 101.0, 99.0, 91.0, 100.0, 88.0, 102.0, 94.0, 75.0, 96.0, 98.0, 107.0, 97.0, 84.0, 114.0, 113.0, 125.0, 118.0, 126.0, 126.0, 114.0, 124.0, 114.0, 136.0, 128.0, 115.0, 126.0, 122.0, 39.0, 138.0, 128.0, 95.0, 133.0, 142.0, 117.0, 118.0, 36.0, 139.0, 26.0, 132.0, 43.0, 129.0, 40.0, 124.0, 126.0, 18.0, 141.0, 126.0, 136.0, 19.0, 120.0, 141.0, 134.0, 128.0, 157.0, 146.0, 84.0, 147.0, 173.0, 57.0, 135.0, 114.0, 188.0, 138.0, 53.0, 126.0, 131.0, 135.0, 147.0, 134.0, 151.0, 163.0, 147.0, 143.0, 141.0, 145.0, 134.0, 138.0, 160.0, 139.0, 127.0, 155.0, 138.0, 144.0, 154.0, 170.0, 41.0, 131.0, 140.0, 148.0, 148.0, 139.0, 121.0, 137.0, 134.0, 146.0, 138.0, 141.0, 143.0, 132.0, 151.0]"
2x128,6,205.05,65.0925,398.0,73.77288759259731,0.034795207149212776,"[13.0, 13.0, 16.0, 16.0, 28.0, 11.0, 9.0, 27.0, 13.0, 17.0, 25.0, 28.0, 13.0, 18.0, 80.0, 18.0, 14.0, 13.0, 51.0, 16.0, 12.0, 15.0, 13.0, 28.0, 18.0, 16.0, 14.0, 18.0, 71.0, 33.0, 12.0, 45.0, 21.0, 24.0, 11.0, 16.0, 30.0, 11.0, 22.0, 13.0, 26.0, 26.0, 15.0, 10.0, 22.0, 18.0, 16.0, 13.0, 11.0, 18.0, 14.0, 18.0, 32.0, 37.0, 15.0, 24.0, 11.0, 14.0, 25.0, 9.0, 52.0, 40.0, 37.0, 19.0, 16.0, 15.0, 32.0, 38.0, 11.0, 30.0, 29.0, 45.0, 30.0, 43.0, 19.0, 47.0, 23.0, 18.0, 13.0, 14.0, 11.0, 12.0, 12.0, 10.0, 30.0, 27.0, 10.0, 21.0, 36.0, 10.0, 12.0, 27.0, 13.0, 22.0, 30.0, 14.0, 13.0, 18.0, 20.0, 11.0, 18.0, 12.0, 8.0, 15.0, 33.0, 17.0, 10.0, 79.0, 26.0, 28.0, 10.0, 32.0, 16.0, 11.0, 40.0, 34.0, 22.0, 14.0, 18.0, 60.0, 20.0, 16.0, 26.0, 13.0, 22.0, 20.0, 24.0, 21.0, 18.0, 71.0, 12.0, 36.0, 12.0, 13.0, 14.0, 22.0, 59.0, 15.0, 65.0, 14.0, 47.0, 15.0, 10.0, 16.0, 9.0, 43.0, 34.0, 15.0, 21.0, 19.0, 15.0, 10.0, 61.0, 10.0, 15.0, 13.0, 75.0, 42.0, 50.0, 49.0, 33.0, 40.0, 46.0, 12.0, 59.0, 14.0, 49.0, 35.0, 11.0, 10.0, 18.0, 18.0, 36.0, 29.0, 14.0, 13.0, 29.0, 15.0, 11.0, 13.0, 48.0, 32.0, 31.0, 58.0, 12.0, 36.0, 12.0, 93.0, 30.0, 15.0, 56.0, 121.0, 32.0, 68.0, 64.0, 48.0, 16.0, 24.0, 35.0, 42.0, 12.0, 60.0, 40.0, 37.0, 45.0, 79.0, 121.0, 89.0, 53.0, 38.0, 52.0, 37.0, 19.0, 17.0, 65.0, 47.0, 34.0, 60.0, 45.0, 37.0, 36.0, 62.0, 15.0, 33.0, 34.0, 11.0, 46.0, 27.0, 33.0, 26.0, 14.0, 28.0, 30.0, 89.0, 12.0, 36.0, 12.0, 46.0, 32.0, 36.0, 49.0, 156.0, 35.0, 50.0, 76.0, 62.0, 16.0, 27.0, 55.0, 69.0, 125.0, 23.0, 30.0, 16.0, 31.0, 32.0, 73.0, 170.0, 12.0, 166.0, 19.0, 18.0, 36.0, 46.0, 31.0, 28.0, 37.0, 172.0, 43.0, 45.0, 29.0, 14.0, 38.0, 48.0, 15.0, 35.0, 13.0, 11.0, 14.0, 32.0, 83.0, 72.0, 27.0, 45.0, 21.0, 19.0, 36.0, 33.0, 94.0, 105.0, 16.0, 56.0, 70.0, 32.0, 131.0, 105.0, 35.0, 30.0, 29.0, 37.0, 79.0, 165.0, 100.0, 102.0, 250.0, 149.0, 28.0, 22.0, 133.0, 14.0, 137.0, 128.0, 169.0, 194.0, 144.0, 198.0, 243.0, 27.0, 108.0, 178.0, 12.0, 219.0, 34.0, 100.0, 111.0, 262.0, 38.0, 267.0, 23.0, 60.0, 217.0, 142.0, 182.0, 162.0, 115.0, 208.0, 98.0, 104.0, 48.0, 27.0, 22.0, 22.0, 206.0, 211.0, 29.0, 47.0, 29.0, 46.0, 111.0, 202.0, 12.0, 217.0, 202.0, 199.0, 94.0, 169.0, 119.0, 179.0, 277.0, 243.0, 181.0, 220.0, 184.0, 137.0, 267.0, 247.0, 248.0, 199.0, 104.0, 313.0, 177.0, 232.0, 259.0, 260.0, 86.0, 265.0, 110.0, 398.0, 312.0, 237.0, 223.0, 257.0, 228.0, 125.0, 229.0, 277.0, 206.0, 252.0, 144.0, 251.0, 281.0, 157.0, 218.0, 245.0, 150.0, 103.0, 206.0, 216.0, 149.0, 184.0]"
2x128,7,115.0,51.6175,293.0,51.36157312378584,0.057415970260879086,"[10.0, 19.0, 19.0, 11.0, 11.0, 35.0, 16.0, 10.0, 9.0, 26.0, 16.0, 14.0, 23.0, 18.0, 15.0, 17.0, 23.0, 35.0, 38.0, 19.0, 18.0, 18.0, 15.0, 10.0, 16.0, 23.0, 17.0, 35.0, 19.0, 32.0, 17.0, 31.0, 23.0, 20.0, 21.0, 23.0, 22.0, 10.0, 17.0, 14.0, 15.0, 25.0, 11.0, 18.0, 18.0, 48.0, 20.0, 12.0, 24.0, 19.0, 20.0, 16.0, 10.0, 13.0, 12.0, 13.0, 26.0, 20.0, 19.0, 20.0, 18.0, 27.0, 30.0, 15.0, 16.0, 15.0, 25.0, 16.0, 26.0, 29.0, 27.0, 15.0, 10.0, 15.0, 18.0, 15.0, 16.0, 18.0, 11.0, 18.0, 11.0, 15.0, 10.0, 18.0, 17.0, 16.0, 15.0, 17.0, 26.0, 15.0, 17.0, 13.0, 13.0, 20.0, 18.0, 10.0, 28.0, 19.0, 21.0, 11.0, 15.0, 17.0, 15.0, 16.0, 20.0, 14.0, 16.0, 12.0, 14.0, 12.0, 32.0, 14.0, 28.0, 16.0, 12.0, 15.0, 18.0, 13.0, 10.0, 13.0, 11.0, 43.0, 13.0, 19.0, 11.0, 13.0, 19.0, 16.0, 13.0, 18.0, 29.0, 12.0, 13.0, 13.0, 11.0, 19.0, 13.0, 14.0, 34.0, 23.0, 15.0, 17.0, 13.0, 14.0, 18.0, 13.0, 17.0, 22.0, 37.0, 39.0, 15.0, 32.0, 48.0, 10.0, 32.0, 31.0, 36.0, 45.0, 27.0, 34.0, 11.0, 34.0, 16.0, 15.0, 14.0, 19.0, 27.0, 20.0, 25.0, 10.0, 17.0, 37.0, 15.0, 41.0, 11.0, 11.0, 33.0, 13.0, 35.0, 17.0, 40.0, 34.0, 17.0, 14.0, 13.0, 36.0, 15.0, 14.0, 27.0, 36.0, 27.0, 19.0, 11.0, 14.0, 11.0, 14.0, 23.0, 15.0, 38.0, 37.0, 29.0, 18.0, 14.0, 15.0, 49.0, 36.0, 17.0, 31.0, 13.0, 36.0, 33.0, 14.0, 32.0, 23.0, 65.0, 31.0, 133.0, 35.0, 62.0, 44.0, 28.0, 65.0, 45.0, 49.0, 56.0, 53.0, 62.0, 13.0, 146.0, 48.0, 14.0, 16.0, 48.0, 31.0, 44.0, 17.0, 54.0, 71.0, 37.0, 66.0, 94.0, 13.0, 73.0, 53.0, 43.0, 38.0, 99.0, 11.0, 16.0, 14.0, 96.0, 33.0, 15.0, 100.0, 98.0, 55.0, 101.0, 82.0, 93.0, 94.0, 14.0, 59.0, 13.0, 145.0, 66.0, 34.0, 78.0, 92.0, 51.0, 32.0, 105.0, 88.0, 78.0, 14.0, 79.0, 23.0, 43.0, 118.0, 85.0, 129.0, 207.0, 39.0, 37.0, 13.0, 121.0, 13.0, 45.0, 51.0, 15.0, 49.0, 53.0, 99.0, 125.0, 31.0, 50.0, 40.0, 51.0, 17.0, 41.0, 31.0, 24.0, 71.0, 37.0, 149.0, 92.0, 44.0, 128.0, 63.0, 152.0, 232.0, 80.0, 151.0, 16.0, 17.0, 199.0, 102.0, 25.0, 98.0, 34.0, 290.0, 146.0, 31.0, 153.0, 104.0, 70.0, 173.0, 193.0, 32.0, 28.0, 26.0, 133.0, 173.0, 29.0, 122.0, 119.0, 90.0, 112.0, 110.0, 175.0, 128.0, 146.0, 117.0, 246.0, 129.0, 63.0, 28.0, 96.0, 31.0, 28.0, 59.0, 86.0, 119.0, 61.0, 143.0, 23.0, 257.0, 103.0, 110.0, 138.0, 85.0, 138.0, 110.0, 156.0, 293.0, 162.0, 128.0, 111.0, 120.0, 216.0, 119.0, 104.0, 120.0, 162.0, 162.0, 124.0, 48.0, 171.0, 111.0, 129.0, 112.0, 94.0, 106.0, 134.0, 134.0, 116.0, 129.0, 102.0, 138.0, 125.0, 109.0, 92.0, 109.0, 121.0, 113.0, 119.0, 99.0, 131.0, 138.0, 91.0, 100.0]"
2x128,8,144.05,49.96,233.0,44.18951685637669,0.04529551278598461,"[43.0, 17.0, 20.0, 22.0, 25.0, 9.0, 29.0, 12.0, 32.0, 13.0, 15.0, 9.0, 10.0, 11.0, 10.0, 15.0, 23.0, 12.0, 11.0, 16.0, 18.0, 17.0, 19.0, 12.0, 14.0, 11.0, 27.0, 17.0, 23.0, 22.0, 10.0, 26.0, 11.0, 11.0, 30.0, 14.0, 15.0, 20.0, 21.0, 16.0, 31.0, 10.0, 31.0, 21.0, 17.0, 23.0, 20.0, 15.0, 14.0, 43.0, 12.0, 22.0, 11.0, 16.0, 31.0, 19.0, 27.0, 9.0, 12.0, 12.0, 18.0, 33.0, 15.0, 15.0, 12.0, 10.0, 10.0, 19.0, 17.0, 42.0, 23.0, 11.0, 31.0, 32.0, 14.0, 19.0, 47.0, 17.0, 19.0, 17.0, 10.0, 14.0, 12.0, 19.0, 26.0, 32.0, 11.0, 20.0, 15.0, 22.0, 13.0, 13.0, 11.0, 25.0, 12.0, 17.0, 19.0, 15.0, 11.0, 19.0, 10.0, 18.0, 22.0, 11.0, 16.0, 13.0, 11.0, 20.0, 13.0, 27.0, 14.0, 13.0, 13.0, 22.0, 13.0, 65.0, 11.0, 14.0, 14.0, 17.0, 10.0, 14.0, 21.0, 14.0, 18.0, 13.0, 18.0, 12.0, 11.0, 13.0, 19.0, 13.0, 19.0, 19.0, 20.0, 18.0, 17.0, 20.0, 17.0, 25.0, 10.0, 13.0, 26.0, 12.0, 43.0, 11.0, 18.0, 19.0, 21.0, 18.0, 13.0, 11.0, 48.0, 20.0, 35.0, 38.0, 20.0, 33.0, 45.0, 24.0, 37.0, 28.0, 22.0, 29.0, 18.0, 75.0, 50.0, 28.0, 96.0, 44.0, 14.0, 12.0, 44.0, 53.0, 24.0, 22.0, 17.0, 11.0, 31.0, 18.0, 31.0, 78.0, 20.0, 20.0, 16.0, 61.0, 24.0, 23.0, 31.0, 85.0, 29.0, 62.0, 27.0, 95.0, 38.0, 31.0, 26.0, 13.0, 33.0, 30.0, 15.0, 43.0, 47.0, 80.0, 41.0, 27.0, 172.0, 78.0, 16.0, 112.0, 15.0, 26.0, 26.0, 30.0, 38.0, 44.0, 61.0, 12.0, 63.0, 21.0, 49.0, 70.0, 96.0, 54.0, 48.0, 70.0, 71.0, 12.0, 52.0, 34.0, 39.0, 44.0, 60.0, 27.0, 77.0, 158.0, 27.0, 100.0, 11.0, 13.0, 91.0, 60.0, 51.0, 59.0, 36.0, 28.0, 24.0, 25.0, 48.0, 110.0, 83.0, 47.0, 67.0, 38.0, 131.0, 29.0, 115.0, 84.0, 92.0, 59.0, 51.0, 60.0, 16.0, 13.0, 50.0, 110.0, 16.0, 92.0, 24.0, 27.0, 122.0, 106.0, 55.0, 80.0, 71.0, 102.0, 39.0, 126.0, 12.0, 59.0, 52.0, 55.0, 90.0, 34.0, 47.0, 66.0, 66.0, 48.0, 27.0, 70.0, 89.0, 66.0, 19.0, 64.0, 74.0, 39.0, 47.0, 57.0, 60.0, 62.0, 72.0, 113.0, 124.0, 13.0, 103.0, 42.0, 141.0, 13.0, 95.0, 11.0, 87.0, 98.0, 42.0, 11.0, 92.0, 25.0, 21.0, 97.0, 13.0, 130.0, 75.0, 40.0, 94.0, 57.0, 63.0, 37.0, 106.0, 37.0, 83.0, 88.0, 122.0, 98.0, 108.0, 29.0, 43.0, 35.0, 110.0, 61.0, 107.0, 11.0, 16.0, 112.0, 130.0, 116.0, 37.0, 90.0, 97.0, 91.0, 29.0, 100.0, 136.0, 115.0, 133.0, 55.0, 96.0, 178.0, 56.0, 140.0, 130.0, 137.0, 18.0, 113.0, 128.0, 176.0, 168.0, 130.0, 176.0, 129.0, 151.0, 93.0, 34.0, 149.0, 104.0, 51.0, 95.0, 109.0, 120.0, 33.0, 50.0, 143.0, 134.0, 172.0, 152.0, 161.0, 126.0, 148.0, 135.0, 109.0, 135.0, 190.0, 177.0, 153.0, 233.0, 143.0, 65.0, 123.0, 139.0, 132.0, 104.0, 150.0]"
2x128,9,117.2,42.07,201.0,36.064873492083684,0.08043531786426503,"[20.0, 15.0, 26.0, 11.0, 20.0, 52.0, 22.0, 17.0, 21.0, 11.0, 18.0, 30.0, 21.0, 20.0, 13.0, 13.0, 43.0, 36.0, 43.0, 26.0, 14.0, 41.0, 19.0, 17.0, 22.0, 29.0, 17.0, 19.0, 16.0, 63.0, 16.0, 11.0, 18.0, 58.0, 17.0, 9.0, 30.0, 17.0, 28.0, 11.0, 35.0, 16.0, 23.0, 11.0, 27.0, 11.0, 21.0, 35.0, 41.0, 20.0, 20.0, 32.0, 16.0, 15.0, 14.0, 17.0, 22.0, 27.0, 24.0, 28.0, 15.0, 14.0, 16.0, 31.0, 11.0, 22.0, 11.0, 22.0, 18.0, 13.0, 22.0, 28.0, 11.0, 17.0, 23.0, 18.0, 41.0, 41.0, 17.0, 27.0, 11.0, 28.0, 20.0, 10.0, 25.0, 23.0, 8.0, 15.0, 25.0, 19.0, 16.0, 13.0, 20.0, 27.0, 9.0, 16.0, 51.0, 10.0, 18.0, 36.0, 22.0, 21.0, 15.0, 39.0, 17.0, 13.0, 24.0, 19.0, 52.0, 16.0, 12.0, 14.0, 18.0, 15.0, 30.0, 12.0, 10.0, 14.0, 15.0, 44.0, 17.0, 10.0, 10.0, 11.0, 11.0, 15.0, 14.0, 21.0, 10.0, 15.0, 11.0, 39.0, 16.0, 36.0, 10.0, 14.0, 11.0, 20.0, 16.0, 44.0, 11.0, 13.0, 10.0, 57.0, 18.0, 12.0, 14.0, 21.0, 14.0, 19.0, 16.0, 50.0, 27.0, 15.0, 13.0, 36.0, 35.0, 25.0, 38.0, 20.0, 11.0, 23.0, 60.0, 29.0, 20.0, 22.0, 43.0, 26.0, 80.0, 34.0, 17.0, 46.0, 34.0, 12.0, 32.0, 37.0, 20.0, 32.0, 36.0, 15.0, 57.0, 14.0, 41.0, 14.0, 25.0, 13.0, 34.0, 33.0, 29.0, 34.0, 37.0, 17.0, 35.0, 41.0, 34.0, 44.0, 30.0, 18.0, 11.0, 27.0, 19.0, 15.0, 40.0, 18.0, 11.0, 58.0, 74.0, 60.0, 31.0, 62.0, 23.0, 12.0, 35.0, 55.0, 41.0, 15.0, 38.0, 32.0, 63.0, 24.0, 99.0, 74.0, 40.0, 33.0, 43.0, 11.0, 43.0, 46.0, 12.0, 25.0, 24.0, 15.0, 31.0, 31.0, 45.0, 14.0, 16.0, 16.0, 42.0, 28.0, 21.0, 21.0, 41.0, 50.0, 15.0, 21.0, 14.0, 57.0, 36.0, 46.0, 84.0, 41.0, 105.0, 69.0, 12.0, 135.0, 50.0, 35.0, 49.0, 15.0, 77.0, 26.0, 40.0, 34.0, 56.0, 32.0, 25.0, 26.0, 46.0, 47.0, 29.0, 46.0, 24.0, 27.0, 16.0, 21.0, 30.0, 41.0, 27.0, 28.0, 49.0, 37.0, 14.0, 29.0, 71.0, 98.0, 58.0, 14.0, 46.0, 47.0, 46.0, 27.0, 41.0, 15.0, 45.0, 69.0, 13.0, 30.0, 26.0, 31.0, 17.0, 201.0, 71.0, 47.0, 113.0, 17.0, 28.0, 79.0, 64.0, 48.0, 38.0, 30.0, 38.0, 109.0, 51.0, 41.0, 49.0, 26.0, 94.0, 74.0, 70.0, 36.0, 48.0, 44.0, 44.0, 27.0, 133.0, 68.0, 29.0, 112.0, 92.0, 47.0, 26.0, 34.0, 29.0, 59.0, 31.0, 88.0, 21.0, 49.0, 76.0, 80.0, 113.0, 37.0, 28.0, 29.0, 140.0, 141.0, 88.0, 21.0, 98.0, 105.0, 196.0, 99.0, 121.0, 42.0, 147.0, 94.0, 32.0, 95.0, 12.0, 108.0, 92.0, 103.0, 55.0, 134.0, 119.0, 29.0, 110.0, 41.0, 145.0, 121.0, 101.0, 108.0, 22.0, 117.0, 106.0, 115.0, 106.0, 124.0, 125.0, 116.0, 110.0, 122.0, 136.0, 22.0, 124.0, 136.0, 134.0, 125.0, 144.0, 132.0, 122.0, 150.0, 123.0, 137.0, 126.0, 121.0, 23.0, 116.0]"
2x128,10,94.6,51.9675,169.0,38.12120727036331,0.053546474757281734,"[34.0, 26.0, 29.0, 41.0, 15.0, 47.0, 18.0, 13.0, 14.0, 71.0, 18.0, 11.0, 36.0, 13.0, 13.0, 27.0, 20.0, 26.0, 33.0, 45.0, 15.0, 12.0, 18.0, 38.0, 30.0, 29.0, 26.0, 55.0, 17.0, 25.0, 39.0, 30.0, 22.0, 66.0, 41.0, 38.0, 42.0, 22.0, 16.0, 41.0, 58.0, 14.0, 21.0, 39.0, 36.0, 33.0, 12.0, 31.0, 18.0, 120.0, 19.0, 22.0, 16.0, 12.0, 16.0, 28.0, 10.0, 28.0, 65.0, 22.0, 58.0, 18.0, 33.0, 71.0, 21.0, 20.0, 21.0, 24.0, 29.0, 49.0, 19.0, 56.0, 15.0, 12.0, 11.0, 39.0, 21.0, 30.0, 21.0, 19.0, 46.0, 61.0, 22.0, 31.0, 39.0, 12.0, 46.0, 9.0, 12.0, 49.0, 13.0, 13.0, 30.0, 12.0, 59.0, 32.0, 34.0, 33.0, 21.0, 43.0, 17.0, 63.0, 15.0, 12.0, 22.0, 29.0, 50.0, 15.0, 20.0, 80.0, 33.0, 25.0, 79.0, 29.0, 45.0, 33.0, 43.0, 21.0, 12.0, 15.0, 117.0, 54.0, 25.0, 137.0, 107.0, 47.0, 80.0, 15.0, 30.0, 14.0, 41.0, 89.0, 28.0, 48.0, 52.0, 63.0, 15.0, 11.0, 38.0, 79.0, 32.0, 50.0, 29.0, 28.0, 17.0, 48.0, 26.0, 58.0, 67.0, 44.0, 33.0, 86.0, 100.0, 15.0, 41.0, 46.0, 34.0, 30.0, 30.0, 131.0, 56.0, 56.0, 19.0, 56.0, 80.0, 52.0, 24.0, 21.0, 25.0, 70.0, 28.0, 22.0, 42.0, 11.0, 13.0, 62.0, 49.0, 20.0, 11.0, 17.0, 44.0, 31.0, 20.0, 35.0, 27.0, 21.0, 16.0, 86.0, 19.0, 25.0, 28.0, 17.0, 29.0, 37.0, 46.0, 17.0, 36.0, 16.0, 43.0, 49.0, 9.0, 54.0, 53.0, 51.0, 61.0, 92.0, 13.0, 25.0, 66.0, 28.0, 68.0, 59.0, 52.0, 71.0, 20.0, 33.0, 31.0, 19.0, 27.0, 16.0, 15.0, 30.0, 43.0, 29.0, 35.0, 13.0, 76.0, 32.0, 68.0, 75.0, 25.0, 88.0, 75.0, 30.0, 22.0, 14.0, 32.0, 33.0, 29.0, 25.0, 39.0, 27.0, 19.0, 51.0, 33.0, 14.0, 15.0, 51.0, 70.0, 14.0, 11.0, 114.0, 27.0, 70.0, 98.0, 25.0, 29.0, 169.0, 69.0, 14.0, 118.0, 20.0, 23.0, 15.0, 82.0, 123.0, 86.0, 14.0, 36.0, 13.0, 31.0, 31.0, 98.0, 11.0, 139.0, 37.0, 34.0, 35.0, 19.0, 33.0, 33.0, 35.0, 51.0, 48.0, 24.0, 27.0, 44.0, 16.0, 24.0, 30.0, 107.0, 71.0, 145.0, 36.0, 101.0, 67.0, 15.0, 28.0, 88.0, 34.0, 139.0, 134.0, 27.0, 37.0, 153.0, 45.0, 120.0, 53.0, 154.0, 44.0, 108.0, 36.0, 93.0, 15.0, 80.0, 49.0, 106.0, 158.0, 110.0, 104.0, 97.0, 119.0, 101.0, 92.0, 53.0, 19.0, 92.0, 91.0, 112.0, 120.0, 85.0, 105.0, 103.0, 23.0, 48.0, 128.0, 115.0, 26.0, 115.0, 95.0, 13.0, 56.0, 111.0, 48.0, 40.0, 133.0, 160.0, 40.0, 47.0, 90.0, 22.0, 106.0, 44.0, 124.0, 100.0, 83.0, 102.0, 114.0, 105.0, 36.0, 130.0, 105.0, 132.0, 95.0, 102.0, 108.0, 141.0, 118.0, 127.0, 109.0, 90.0, 74.0, 104.0, 105.0, 106.0, 108.0, 155.0, 103.0, 102.0, 20.0, 119.0, 13.0, 111.0, 105.0, 85.0, 110.0, 103.0, 130.0, 122.0, 111.0, 26.0, 130.0, 101.0, 17.0, 13.0, 124.0, 109.0, 119.0, 117.0, 127.0]"
